{"song":{"sectionLengths":[],"player1":"bf-pixel","player2":"senpai-angry","notes":[{"typeOfSection":0,"sectionNotes":[],"lengthInSteps":16,"altAnim":false,"bpm":0,"changeBPM":false,"mustHitSection":false},{"typeOfSection":0,"sectionNotes":[],"lengthInSteps":16,"altAnim":false,"bpm":-2147483648,"changeBPM":false,"mustHitSection":false},{"typeOfSection":0,"sectionNotes":[[5125,2,0],[5375,1,375]],"lengthInSteps":16,"altAnim":false,"bpm":0,"changeBPM":false,"mustHitSection":true},{"typeOfSection":0,"sectionNotes":[[7250,2,250],[7625,1,500]],"lengthInSteps":16,"altAnim":false,"bpm":0,"changeBPM":false,"mustHitSection":true},{"typeOfSection":0,"sectionNotes":[[9250,1,0],[9500,3,0],[9750,0,0]],"lengthInSteps":16,"altAnim":false,"bpm":12,"changeBPM":false,"mustHitSection":true},{"typeOfSection":0,"sectionNotes":[[10000,2,0],[10250,1,0],[10500,1,250],[11000,3,0],[11250,0,0],[11625,1,0],[11500,3,0]],"lengthInSteps":16,"altAnim":false,"bpm":120,"changeBPM":false,"mustHitSection":true},{"typeOfSection":0,"sectionNotes":[[12250,2,0],[12500,1,0],[13000,3,375],[13000,7,375],[13875,7,500],[13875,3,500],[13500,4,250],[13500,0,250],[12000,0,0]],"lengthInSteps":16,"altAnim":false,"bpm":0,"changeBPM":false,"mustHitSection":true},{"typeOfSection":0,"sectionNotes":[[14625,0,375],[14625,4,375],[15125,4,250],[15125,0,250],[15500,3,375],[15500,7,250]],"lengthInSteps":16,"altAnim":false,"bpm":-2147483648,"changeBPM":false,"mustHitSection":true},{"typeOfSection":0,"sectionNotes":[[17500,1,0],[17750,2,0],[16000,4,375],[16000,0,375],[17250,0,0]],"lengthInSteps":16,"altAnim":false,"bpm":-2147483648,"changeBPM":false,"mustHitSection":false},{"typeOfSection":0,"sectionNotes":[[18000,3,0],[18250,0,0],[18500,2,250],[19250,1,0],[19000,0,0],[19500,1,0],[19750,2,0]],"lengthInSteps":16,"altAnim":false,"bpm":-2147483648,"changeBPM":false,"mustHitSection":false},{"typeOfSection":0,"sectionNotes":[[20250,5,0],[20500,5,250],[20500,1,250],[21000,2,250],[21500,2,250],[21000,6,250],[21500,6,250],[20000,7,0]],"lengthInSteps":16,"altAnim":false,"bpm":190,"changeBPM":false,"mustHitSection":true},{"typeOfSection":0,"sectionNotes":[[22000,2,250],[22000,6,250],[23250,2,0],[23250,6,0],[23500,5,0],[23500,1,0],[22750,0,250],[22750,4,250]],"lengthInSteps":16,"altAnim":false,"bpm":190,"changeBPM":false,"mustHitSection":true},{"typeOfSection":0,"sectionNotes":[[25000,2,500],[25750,1,125],[24000,3,375],[24000,7,375]],"lengthInSteps":16,"altAnim":false,"bpm":-2147483648,"changeBPM":false,"mustHitSection":true},{"typeOfSection":0,"sectionNotes":[[26625,1,0],[27000,2,0],[27250,3,0],[27500,0,250]],"lengthInSteps":16,"altAnim":false,"bpm":-2147483648,"changeBPM":false,"mustHitSection":true},{"typeOfSection":0,"sectionNotes":[[28000,1,0],[28250,3,0],[28375,0,250],[28750,1,0],[29000,2,375],[29750,2,0]],"lengthInSteps":16,"altAnim":false,"bpm":1,"changeBPM":false,"mustHitSection":true},{"typeOfSection":0,"sectionNotes":[[31375,1,0],[30875,3,0],[31125,0,0]],"lengthInSteps":16,"altAnim":false,"bpm":19,"changeBPM":false,"mustHitSection":true},{"typeOfSection":0,"sectionNotes":[[32000,2,0],[33500,2,0],[32750,3,0],[32500,0,0],[32250,1,0],[33250,2,0],[33750,0,0]],"lengthInSteps":16,"altAnim":false,"bpm":190,"changeBPM":false,"mustHitSection":true},{"typeOfSection":0,"sectionNotes":[[34125,1,0],[34375,0,0],[34500,3,250],[35000,2,0],[35250,1,0],[35500,0,0],[35750,0,0]],"lengthInSteps":16,"altAnim":false,"bpm":190,"changeBPM":false,"mustHitSection":true},{"typeOfSection":0,"sectionNotes":[[36500,5,0],[36000,4,0],[36250,7,0],[37000,2,250],[37000,6,250],[37500,6,250],[37500,2,250]],"lengthInSteps":16,"altAnim":false,"bpm":0,"changeBPM":false,"mustHitSection":false},{"typeOfSection":0,"sectionNotes":[[38000,6,375],[38000,2,375],[38625,6,375],[38625,2,375],[39750,6,0],[39250,0,0],[39250,4,0],[39500,3,125],[39500,7,125]],"lengthInSteps":16,"altAnim":false,"bpm":-2147483648,"changeBPM":false,"mustHitSection":false},{"typeOfSection":0,"sectionNotes":[[40000,2,0],[40250,2,0],[40500,1,0],[40750,2,1000]],"lengthInSteps":16,"altAnim":false,"bpm":190,"changeBPM":false,"mustHitSection":true},{"typeOfSection":0,"sectionNotes":[[42500,1,0],[42750,3,250],[43250,0,0],[43500,2,0],[43750,0,0]],"lengthInSteps":16,"altAnim":false,"bpm":190,"changeBPM":false,"mustHitSection":true},{"typeOfSection":0,"sectionNotes":[[44000,2,0],[44250,1,0],[44750,0,375],[45250,3,0],[45500,0,1000],[44500,3,0]],"lengthInSteps":16,"altAnim":false,"bpm":190,"changeBPM":false,"mustHitSection":true},{"typeOfSection":0,"sectionNotes":[[47750,0,0]],"lengthInSteps":16,"altAnim":false,"bpm":190,"changeBPM":false,"mustHitSection":true},{"typeOfSection":0,"sectionNotes":[[48000,2,0],[48250,2,0],[48500,3,0],[48750,2,875]],"lengthInSteps":16,"altAnim":false,"bpm":190,"changeBPM":false,"mustHitSection":true},{"typeOfSection":0,"sectionNotes":[[50500,1,0],[50875,2,250],[51250,1,0],[51500,0,0]],"lengthInSteps":16,"altAnim":false,"bpm":190,"changeBPM":false,"mustHitSection":true},{"typeOfSection":0,"sectionNotes":[[52000,1,0],[52500,2,0],[52750,0,375],[53250,3,0],[53500,0,1125],[52250,3,0]],"lengthInSteps":16,"altAnim":false,"bpm":190,"changeBPM":false,"mustHitSection":true},{"typeOfSection":0,"sectionNotes":[[54875,5,0],[54875,1,0],[55500,2,250],[55500,6,250],[55250,0,0],[55250,4,0]],"lengthInSteps":16,"altAnim":false,"bpm":190,"changeBPM":false,"mustHitSection":true},{"typeOfSection":0,"sectionNotes":[[56000,6,625],[56000,2,625],[56750,1,0],[57500,7,0],[57500,3,0],[57000,4,0],[57000,0,0],[56750,5,0]],"lengthInSteps":16,"altAnim":false,"bpm":190,"changeBPM":false,"mustHitSection":false},{"typeOfSection":0,"sectionNotes":[[58000,1,0],[58625,2,0],[58375,1,0],[59000,0,0],[59500,3,0],[59000,4,0],[59500,7,0]],"lengthInSteps":16,"altAnim":false,"bpm":190,"changeBPM":false,"mustHitSection":false},{"typeOfSection":0,"sectionNotes":[[60125,2,0],[60375,1,0],[60750,0,0],[61000,7,0],[61500,1,0],[61500,5,0],[61000,3,0]],"lengthInSteps":16,"altAnim":false,"bpm":190,"changeBPM":false,"mustHitSection":false},{"typeOfSection":0,"sectionNotes":[[62000,2,0],[62000,6,0],[62375,4,0],[62375,0,0],[62750,1,0],[62750,5,0],[63750,6,0],[63250,5,250],[63250,1,250],[63000,3,0],[63000,7,0]],"lengthInSteps":16,"altAnim":false,"bpm":190,"changeBPM":false,"mustHitSection":false},{"typeOfSection":0,"sectionNotes":[[64000,2,0],[64250,2,0],[64500,1,0],[64500,5,0],[64750,2,875],[64750,6,875]],"lengthInSteps":16,"altAnim":false,"bpm":190,"changeBPM":false,"mustHitSection":true},{"typeOfSection":0,"sectionNotes":[[66375,4,0],[66375,0,0],[67250,1,0],[67250,5,0],[67500,2,0],[67500,6,0],[67750,3,0],[67750,7,0],[66625,7,375],[66625,3,375]],"lengthInSteps":16,"altAnim":false,"bpm":190,"changeBPM":false,"mustHitSection":true},{"typeOfSection":0,"sectionNotes":[[68125,1,0],[68125,5,0],[68375,4,0],[68375,0,0],[68750,5,250],[68750,1,250],[69250,2,0],[69500,2,875],[69250,6,0],[69500,6,875]],"lengthInSteps":16,"altAnim":false,"bpm":190,"changeBPM":false,"mustHitSection":true},{"typeOfSection":0,"sectionNotes":[[70750,1,250],[70750,5,250],[71500,6,250],[71500,2,250],[71250,3,0],[71250,7,0]],"lengthInSteps":16,"altAnim":false,"bpm":190,"changeBPM":false,"mustHitSection":true},{"typeOfSection":0,"sectionNotes":[[72000,6,625],[72000,2,625],[73250,1,0],[73500,3,0],[73750,0,0]],"lengthInSteps":16,"altAnim":false,"bpm":190,"changeBPM":false,"mustHitSection":true},{"typeOfSection":0,"sectionNotes":[[74000,2,0],[74250,1,0],[75000,3,0],[75250,0,0],[75500,3,0],[75750,2,0],[74500,2,250]],"lengthInSteps":16,"altAnim":false,"bpm":190,"changeBPM":false,"mustHitSection":true},{"typeOfSection":0,"sectionNotes":[[76000,1,0],[76250,1,0],[76625,3,250],[77000,1,0],[77000,5,0],[77500,0,0],[77500,4,0]],"lengthInSteps":16,"altAnim":false,"bpm":190,"changeBPM":false,"mustHitSection":true},{"typeOfSection":0,"sectionNotes":[[78000,3,375],[78000,7,375],[78750,1,250],[78750,5,250],[79250,5,0],[79250,1,0],[79500,4,0],[79500,0,0]],"lengthInSteps":16,"altAnim":false,"bpm":190,"changeBPM":false,"mustHitSection":true},{"typeOfSection":0,"sectionNotes":[[81250,1,0],[81500,2,0],[81750,1,0],[80000,7,375],[80000,3,375]],"lengthInSteps":16,"altAnim":false,"bpm":190,"changeBPM":false,"mustHitSection":true},{"typeOfSection":0,"sectionNotes":[[82500,3,250],[82250,0,0],[82000,2,0],[83000,1,0],[83500,1,0],[83250,3,0],[83750,0,0]],"lengthInSteps":16,"altAnim":false,"bpm":190,"changeBPM":false,"mustHitSection":true},{"typeOfSection":0,"sectionNotes":[[84000,0,0],[84250,1,0],[84500,2,250],[85000,4,250],[85000,0,250],[85500,0,250],[85500,4,250]],"lengthInSteps":16,"altAnim":false,"bpm":190,"changeBPM":false,"mustHitSection":true},{"typeOfSection":0,"sectionNotes":[[86000,4,375],[86000,0,375],[86750,7,250],[86750,3,250],[87250,3,0],[87500,3,250],[87250,7,0],[87500,7,250]],"lengthInSteps":16,"altAnim":false,"bpm":190,"changeBPM":false,"mustHitSection":true},{"typeOfSection":0,"sectionNotes":[[88000,7,375],[88000,3,375],[88875,2,625],[89750,1,125],[88875,6,625],[89750,5,125]],"lengthInSteps":16,"altAnim":false,"bpm":190,"changeBPM":false,"mustHitSection":true},{"typeOfSection":0,"sectionNotes":[[90750,0,0],[90875,1,0],[91000,2,0],[91250,3,0],[91500,3,0],[91750,2,0]],"lengthInSteps":16,"altAnim":false,"bpm":190,"changeBPM":false,"mustHitSection":true},{"typeOfSection":0,"sectionNotes":[[92000,1,0],[92250,0,0],[92500,0,0],[92750,1,0],[93000,2,500],[93875,2,0],[93000,6,500],[93875,6,0]],"lengthInSteps":16,"altAnim":false,"bpm":190,"changeBPM":false,"mustHitSection":true},{"typeOfSection":0,"sectionNotes":[[95000,2,0],[95250,2,0],[95500,2,250]],"lengthInSteps":16,"altAnim":false,"bpm":190,"changeBPM":false,"mustHitSection":true},{"typeOfSection":0,"sectionNotes":[[96000,7,0],[96250,4,0],[96500,7,0],[96750,4,0],[97125,1,0],[97375,3,0],[97625,0,0]],"lengthInSteps":16,"altAnim":false,"bpm":190,"changeBPM":false,"mustHitSection":false},{"typeOfSection":0,"sectionNotes":[[98000,2,0],[98250,0,0],[98500,3,375],[99000,1,0],[99250,1,0],[99500,1,0],[99750,3,0]],"lengthInSteps":16,"altAnim":false,"bpm":190,"changeBPM":false,"mustHitSection":false},{"typeOfSection":0,"sectionNotes":[[100000,1,0],[100250,3,0],[100500,0,250],[101000,7,250],[101500,6,250],[101000,3,250],[101500,2,250]],"lengthInSteps":16,"altAnim":false,"bpm":190,"changeBPM":false,"mustHitSection":false},{"typeOfSection":0,"sectionNotes":[[102000,5,250],[102000,1,250],[102750,4,250],[102750,0,250],[103250,4,0],[103250,0,0],[103500,1,250],[103500,5,0],[103750,6,0]],"lengthInSteps":16,"altAnim":false,"bpm":190,"changeBPM":false,"mustHitSection":false},{"typeOfSection":0,"sectionNotes":[[104000,2,0],[104250,2,0],[104500,1,0],[104750,2,1000],[104500,5,0],[104750,6,1000],[104000,2,0],[104250,2,0],[104500,1,0],[104750,2,1000]],"lengthInSteps":16,"altAnim":false,"bpm":190,"changeBPM":false,"mustHitSection":true},{"typeOfSection":0,"sectionNotes":[[106500,5,0],[106750,7,250],[107250,4,0],[107500,6,0],[107750,4,0],[106500,1,0],[106750,3,250],[107250,0,0],[107500,2,0],[107750,0,0]],"lengthInSteps":16,"altAnim":false,"bpm":190,"changeBPM":false,"mustHitSection":true},{"typeOfSection":0,"sectionNotes":[[108000,6,0],[108250,5,0],[108750,4,375],[109250,7,0],[109500,4,1000],[108500,7,0],[108000,2,0],[108250,1,0],[108750,0,375],[109250,3,0],[109500,0,1000],[108500,3,0]],"lengthInSteps":16,"altAnim":false,"bpm":190,"changeBPM":false,"mustHitSection":true},{"typeOfSection":0,"sectionNotes":[[111750,0,0]],"lengthInSteps":16,"altAnim":false,"bpm":190,"changeBPM":false,"mustHitSection":true},{"typeOfSection":0,"sectionNotes":[[112000,6,0],[112250,6,0],[112500,7,0],[112750,6,875],[112000,2,0],[112250,2,0],[112500,3,0],[112750,2,875]],"lengthInSteps":16,"altAnim":false,"bpm":190,"changeBPM":false,"mustHitSection":true},{"typeOfSection":0,"sectionNotes":[[114500,5,0],[114875,6,250],[115250,5,0],[115500,4,0],[114500,1,0],[114875,2,250],[115250,1,0],[115500,0,0]],"lengthInSteps":16,"altAnim":false,"bpm":190,"changeBPM":false,"mustHitSection":true},{"typeOfSection":0,"sectionNotes":[[116000,5,0],[116500,6,0],[116750,4,375],[117250,7,0],[117500,4,1125],[116250,7,0],[116000,1,0],[116500,2,0],[116750,0,375],[117250,3,0],[117500,0,1125],[116250,3,0]],"lengthInSteps":16,"altAnim":false,"bpm":190,"changeBPM":false,"mustHitSection":true},{"typeOfSection":0,"sectionNotes":[[118875,5,0],[118875,1,0],[119500,2,250],[119500,6,250],[119250,0,0],[119250,4,0]],"lengthInSteps":16,"altAnim":false,"bpm":190,"changeBPM":false,"mustHitSection":false},{"typeOfSection":0,"sectionNotes":[[120000,6,625],[120000,2,625],[121500,7,0],[121500,3,0],[121000,4,0],[121000,0,0],[120750,1,0],[120750,5,0]],"lengthInSteps":16,"altAnim":false,"bpm":190,"changeBPM":false,"mustHitSection":false},{"typeOfSection":0,"sectionNotes":[[122000,1,0],[122625,2,0],[122375,1,0],[123000,0,0],[123500,3,0],[123000,4,0],[123500,7,0]],"lengthInSteps":16,"altAnim":false,"bpm":190,"changeBPM":false,"mustHitSection":false},{"typeOfSection":0,"sectionNotes":[[124125,2,0],[124375,1,0],[124750,0,0],[125000,7,0],[125500,1,0],[125500,5,0],[125000,3,0]],"lengthInSteps":16,"altAnim":false,"bpm":190,"changeBPM":false,"mustHitSection":false},{"typeOfSection":0,"sectionNotes":[[126375,4,0],[126375,0,0],[126750,1,0],[126750,5,0],[127750,6,0],[127250,5,250],[127250,1,250],[127000,3,0],[127000,7,0],[126000,6,250],[126000,2,250]],"lengthInSteps":16,"altAnim":false,"bpm":190,"changeBPM":false,"mustHitSection":true},{"typeOfSection":0,"sectionNotes":[[128000,2,0],[128250,2,0],[128500,1,0],[128500,5,0],[128750,2,875],[128750,6,875]],"lengthInSteps":16,"altAnim":false,"bpm":190,"changeBPM":false,"mustHitSection":true},{"typeOfSection":0,"sectionNotes":[[130375,4,0],[130375,0,0],[131250,1,0],[131250,5,0],[131500,2,0],[131500,6,0],[131750,3,0],[131750,7,0],[130625,7,375],[130625,3,375]],"lengthInSteps":16,"altAnim":false,"bpm":190,"changeBPM":false,"mustHitSection":true},{"typeOfSection":0,"sectionNotes":[[132125,1,0],[132125,5,0],[132375,4,0],[132375,0,0],[132750,5,250],[132750,1,250],[133250,2,0],[133250,6,0],[133750,3,0],[133500,6,1000]],"lengthInSteps":16,"altAnim":false,"bpm":190,"changeBPM":false,"mustHitSection":false},{"typeOfSection":0,"sectionNotes":[[134000,1,375],[134625,0,0],[134875,3,250],[135750,2,0],[135875,2,0]],"lengthInSteps":16,"altAnim":false,"bpm":190,"changeBPM":false,"mustHitSection":false},{"typeOfSection":0,"sectionNotes":[[137125,2,0],[137375,1,0],[137750,1,0],[137000,0,0],[137625,3,0]],"lengthInSteps":16,"altAnim":false,"bpm":190,"changeBPM":false,"mustHitSection":true},{"typeOfSection":0,"sectionNotes":[[138250,0,0],[138375,1,0],[138625,2,0],[139250,1,0],[138000,2,0],[138821.875,1,0],[139375,3,0],[139625,3,0],[139000,0,0]],"lengthInSteps":16,"altAnim":false,"bpm":190,"changeBPM":false,"mustHitSection":true},{"typeOfSection":0,"sectionNotes":[[140000,3,0],[140125,0,0],[140375,2,0],[140625,2,0],[140750,1,0],[140875,2,0],[141250,0,0],[141500,1,0],[141000,3,0],[141334.375,3,0],[141750,3,0]],"lengthInSteps":16,"altAnim":false,"bpm":190,"changeBPM":false,"mustHitSection":true},{"typeOfSection":0,"sectionNotes":[[142000,0,0],[142125,1,0],[142375,2,0],[142625,3,0],[142875,1,0],[143000,2,0],[143750,0,0],[143875,1,0],[143250,0,0],[143375,3,0],[143500,2,0]],"lengthInSteps":16,"altAnim":false,"bpm":190,"changeBPM":false,"mustHitSection":true},{"typeOfSection":0,"sectionNotes":[[144000,2,0],[144250,3,0],[144750,1,250],[145125,2,0],[145500,0,0],[145750,1,0],[145875,1,0],[145625,3,0],[144406.25,0,0]],"lengthInSteps":16,"altAnim":false,"bpm":190,"changeBPM":false,"mustHitSection":true},{"typeOfSection":0,"sectionNotes":[[146000,2,0],[146750,1,0],[147000,3,0],[147125,0,0],[147750,3,0],[146253.125,0,0],[146203.125,0,0],[146375,1,0],[146500,3,0],[147375,2,0],[147875,0,0],[147625,1,0]],"lengthInSteps":16,"altAnim":false,"bpm":190,"changeBPM":false,"mustHitSection":true},{"typeOfSection":0,"sectionNotes":[[148000,2,0],[148125,2,0],[148250,1,0],[148375,2,0],[148500,3,0],[148625,0,250],[149500,3,0],[149625,0,0],[149750,3,0],[149875,0,0]],"lengthInSteps":16,"altAnim":false,"bpm":190,"changeBPM":false,"mustHitSection":true},{"typeOfSection":0,"sectionNotes":[[150000,3,0],[150250,2,0],[150375,1,0],[150500,2,0],[151000,0,0],[151125,0,0],[151250,1,0],[151500,2,0],[150750,3,0],[151750,3,0]],"lengthInSteps":16,"altAnim":false,"bpm":190,"changeBPM":false,"mustHitSection":true},{"typeOfSection":0,"sectionNotes":[[152000,1,250],[152375,2,0],[152625,1,250],[153250,3,0],[153375,0,0],[153500,3,0],[153750,3,0],[153875,0,0]],"lengthInSteps":16,"altAnim":false,"bpm":190,"changeBPM":false,"mustHitSection":true},{"typeOfSection":0,"sectionNotes":[[154375,2,0],[154625,2,0],[155500,3,125],[155750,0,0],[155375,1,0],[154000,3,0],[154875,1,0],[155068.75,0,0]],"lengthInSteps":16,"altAnim":false,"bpm":190,"changeBPM":false,"mustHitSection":true},{"typeOfSection":0,"sectionNotes":[[156750,2,0],[157125,1,0],[157250,0,0],[157375,3,0],[157500,2,0],[157750,2,0],[156000,1,0],[156125,2,375],[156625,0,0]],"lengthInSteps":16,"altAnim":false,"bpm":190,"changeBPM":false,"mustHitSection":true},{"typeOfSection":0,"sectionNotes":[[158000,1,0],[158375,2,0],[158500,3,250],[158875,2,0],[159000,1,0],[159750,5,0],[158125,0,0],[159206.25,0,0],[159431.25,1,0],[159550,2,0],[159675,3,250]],"lengthInSteps":16,"altAnim":false,"bpm":190,"changeBPM":false,"mustHitSection":true},{"typeOfSection":0,"sectionNotes":[[160000,1,0],[160625,2,0],[160000,7,0],[160250,7,0],[160500,5,0],[160750,6,1000],[160803.125,1,0],[160125,1,0]],"lengthInSteps":16,"altAnim":false,"bpm":190,"changeBPM":false,"mustHitSection":true},{"typeOfSection":0,"sectionNotes":[[162375,1,0],[162750,3,250],[163125,0,250],[163500,1,0],[163750,2,0]],"lengthInSteps":16,"altAnim":false,"bpm":190,"changeBPM":false,"mustHitSection":false},{"lengthInSteps":16,"typeOfSection":0,"sectionNotes":[[164000,1,0],[164500,3,0],[164250,0,0],[164750,1,375],[165250,2,0],[165500,2,1000],[165500,4,0],[165625,5,0],[165750,6,0]],"altAnim":false,"bpm":190,"changeBPM":false,"mustHitSection":false},{"lengthInSteps":16,"typeOfSection":0,"sectionNotes":[[166000,6,250],[166375,4,0],[166750,7,250],[167250,5,0],[167500,6,0],[167625,4,0],[167875,4,0],[167750,1,0]],"altAnim":false,"bpm":120,"changeBPM":false,"mustHitSection":false},{"lengthInSteps":16,"typeOfSection":0,"sectionNotes":[[168000,6,375],[168000,2,0],[168500,1,0],[168250,2,0],[168750,3,250],[169250,3,250],[169750,1,750],[169375,4,0],[169750,7,0]],"altAnim":false,"bpm":120,"changeBPM":false,"mustHitSection":false},{"lengthInSteps":16,"typeOfSection":0,"sectionNotes":[[170000,7,0],[170750,1,250],[171250,0,0],[171500,2,250]],"altAnim":false,"bpm":120,"changeBPM":false,"mustHitSection":false},{"lengthInSteps":16,"typeOfSection":0,"sectionNotes":[[172000,1,0],[172250,1,0],[172500,2,0],[172750,0,375],[173250,1,375],[173375,6,0],[173500,5,375]],"altAnim":false,"bpm":120,"changeBPM":false,"mustHitSection":false},{"lengthInSteps":16,"typeOfSection":0,"sectionNotes":[[174625,7,0],[174750,6,0],[174875,6,500],[174500,4,0],[174875,2,1250]],"altAnim":false,"bpm":120,"changeBPM":false,"mustHitSection":true},{"lengthInSteps":16,"typeOfSection":0,"sectionNotes":[[176250,6,0],[176500,5,0],[176750,6,500],[176750,1,0],[177000,2,375],[177500,2,375]],"altAnim":false,"bpm":120,"changeBPM":false,"mustHitSection":true},{"lengthInSteps":16,"typeOfSection":0,"sectionNotes":[[178125,1,0],[178375,0,0],[178750,3,0],[179000,1,375],[179500,1,375],[179000,5,375],[179500,5,375]],"altAnim":false,"bpm":120,"changeBPM":false,"mustHitSection":true},{"lengthInSteps":16,"typeOfSection":0,"sectionNotes":[[180000,2,375],[180500,0,0],[180625,3,0],[181000,2,375],[181500,2,0],[181875,1,0],[180000,6,375],[181000,6,375],[181500,6,375]],"altAnim":false,"bpm":120,"changeBPM":false,"mustHitSection":true},{"sectionNotes":[[182375,1,0],[182750,0,0],[183250,1,375],[183375,6,250],[183750,2,0],[183000,3,0]],"typeOfSection":0,"lengthInSteps":16,"altAnim":false,"mustHitSection":true,"changeBPM":false,"bpm":120},{"lengthInSteps":16,"typeOfSection":0,"sectionNotes":[[184000,2,0],[184250,2,0],[184500,1,0],[184750,2,1000],[184000,2,0],[184250,2,0],[184500,1,0],[184750,2,1000],[185500,5,0],[185750,7,375]],"altAnim":false,"bpm":120,"changeBPM":false,"mustHitSection":true},{"lengthInSteps":16,"typeOfSection":0,"sectionNotes":[[186500,1,0],[186750,3,250],[187250,0,0],[187500,2,0],[186375,5,250],[187500,5,250],[186750,4,500],[187875,7,750],[186500,1,0],[186750,3,250],[187250,0,0],[187500,2,0],[187750,0,0]],"altAnim":false,"bpm":120,"changeBPM":false,"mustHitSection":true},{"sectionNotes":[[188000,2,0],[188250,1,0],[188750,0,375],[189250,3,0],[189500,0,1000],[188000,2,0],[188250,1,0],[188750,0,375],[189250,3,0],[189500,0,1000],[188500,3,0]],"typeOfSection":0,"lengthInSteps":16,"altAnim":false,"mustHitSection":true,"changeBPM":false,"bpm":120},{"sectionNotes":[[191750,0,0],[191750,0,0]],"typeOfSection":0,"lengthInSteps":16,"altAnim":false,"mustHitSection":true,"changeBPM":false,"bpm":120},{"sectionNotes":[[192000,2,0],[192250,2,0],[192500,3,0],[192750,2,875],[192000,2,0],[192250,2,0],[192500,3,0],[192750,2,875]],"typeOfSection":0,"lengthInSteps":16,"altAnim":false,"mustHitSection":true,"changeBPM":false,"bpm":120},{"sectionNotes":[[194500,1,0],[194875,2,250],[195250,1,0],[195500,0,0],[194500,1,0],[194875,2,250],[195250,1,0],[195500,0,0]],"typeOfSection":0,"lengthInSteps":16,"altAnim":false,"mustHitSection":true,"changeBPM":false,"bpm":120},{"sectionNotes":[[196000,1,0],[196500,2,0],[196750,0,375],[197250,3,0],[197500,0,1125],[196250,3,0]],"typeOfSection":0,"lengthInSteps":16,"altAnim":false,"mustHitSection":true,"changeBPM":false,"bpm":120},{"lengthInSteps":16,"typeOfSection":0,"sectionNotes":[[198875,5,0],[198875,1,0],[199500,2,250],[199500,6,250],[198875,5,0],[198875,1,0],[199500,2,250],[199500,6,250],[199250,0,0],[199250,4,0]],"altAnim":false,"bpm":120,"changeBPM":false,"mustHitSection":true},{"lengthInSteps":16,"typeOfSection":0,"sectionNotes":[[200000,6,625],[200000,2,625],[200750,1,0],[201500,7,0],[201500,3,0],[201000,4,0],[201000,0,0],[200000,6,625],[200000,2,625],[200750,1,0],[201500,7,0],[201500,3,0],[201000,4,0],[201000,0,0],[200000,6,625],[200000,2,625],[200750,1,0],[201500,7,0],[201500,3,0],[201000,4,0],[201000,0,0],[200750,5,0]],"altAnim":false,"bpm":120,"changeBPM":false,"mustHitSection":true},{"sectionNotes":[[202000,1,0],[202625,2,0],[202375,1,0],[203000,0,0],[203500,3,0],[203000,4,0],[203500,7,0],[202000,1,0],[202625,2,0],[202375,1,0],[203000,0,0],[203500,3,0],[203000,4,0],[203500,7,0]],"typeOfSection":0,"lengthInSteps":16,"altAnim":false,"mustHitSection":true,"changeBPM":false,"bpm":120},{"sectionNotes":[[204125,2,0],[204375,1,0],[204750,0,0],[205000,7,0],[205500,1,0],[205500,5,0],[205000,3,0],[204125,2,0],[204375,1,0],[204750,0,0],[205000,7,0],[205500,1,0],[205500,5,0],[205000,3,0]],"typeOfSection":0,"lengthInSteps":16,"altAnim":false,"mustHitSection":true,"changeBPM":false,"bpm":120},{"sectionNotes":[[206000,2,0],[206000,6,0],[206375,4,0],[206375,0,0],[206750,1,0],[206750,5,0],[207250,5,250],[207250,1,250],[206000,2,0],[206000,6,0],[206375,4,0],[206375,0,0],[206750,1,0],[206750,5,0],[207250,5,250],[207250,1,250],[207000,3,0],[207000,7,0],[206000,2,0],[206000,6,0],[206375,4,0],[206375,0,0],[206750,1,0],[206750,5,0],[207250,5,250],[207250,1,250],[207000,3,0],[207000,7,0],[207750,2,0]],"typeOfSection":0,"lengthInSteps":16,"altAnim":false,"mustHitSection":true,"changeBPM":false,"bpm":120},{"sectionNotes":[[208000,2,0],[208250,2,0],[208000,2,0],[208250,2,0],[208000,2,0],[208250,2,0],[208500,1,0],[208750,2,875],[209684.375,5,0],[209803.125,6,375],[208000,2,0],[208250,2,0],[208500,1,0],[208500,5,0],[208750,2,875],[208750,6,875]],"typeOfSection":0,"lengthInSteps":16,"altAnim":false,"mustHitSection":true,"changeBPM":false,"bpm":120},{"lengthInSteps":16,"typeOfSection":0,"sectionNotes":[[211500,2,0],[210690.625,5,0],[211000,5,0],[210875,4,0],[211250,6,0],[211500,6,0],[211809.375,6,0],[210375,0,0],[211500,2,0],[211500,6,0],[210625,3,375],[211250,1,0],[211750,3,0],[211750,7,0]],"altAnim":false,"bpm":120,"changeBPM":false,"mustHitSection":true},{"lengthInSteps":16,"typeOfSection":0,"sectionNotes":[[213453.125,7,375],[212375,0,0],[212750,1,250],[212125,1,0],[213250,2,0],[213500,2,1000],[212625,5,0],[212828.125,6,0],[213043.75,4,0],[213290.625,5,0]],"altAnim":false,"bpm":120,"changeBPM":false,"mustHitSection":true},{"lengthInSteps":16,"typeOfSection":0,"sectionNotes":[],"altAnim":false,"bpm":120,"changeBPM":false,"mustHitSection":true},{"sectionNotes":[[216375,2,1250]],"typeOfSection":0,"lengthInSteps":16,"altAnim":false,"mustHitSection":true,"changeBPM":false,"bpm":120},{"sectionNotes":[],"typeOfSection":0,"lengthInSteps":16,"altAnim":false,"mustHitSection":true,"changeBPM":false,"bpm":120},{"sectionNotes":[],"typeOfSection":0,"lengthInSteps":16,"altAnim":false,"mustHitSection":true,"changeBPM":false,"bpm":120},{"sectionNotes":[],"typeOfSection":0,"lengthInSteps":16,"altAnim":false,"mustHitSection":true,"changeBPM":false,"bpm":120},{"sectionNotes":[],"typeOfSection":0,"lengthInSteps":16,"altAnim":false,"mustHitSection":true,"changeBPM":false,"bpm":120},{"sectionNotes":[],"typeOfSection":0,"lengthInSteps":16,"altAnim":false,"mustHitSection":true,"changeBPM":false,"bpm":120},{"sectionNotes":[],"typeOfSection":0,"lengthInSteps":16,"altAnim":false,"mustHitSection":true,"changeBPM":false,"bpm":120},{"sectionNotes":[],"typeOfSection":0,"lengthInSteps":16,"altAnim":false,"mustHitSection":true,"changeBPM":false,"bpm":120},{"sectionNotes":[],"typeOfSection":0,"lengthInSteps":16,"altAnim":false,"mustHitSection":true,"changeBPM":false,"bpm":120},{"sectionNotes":[],"typeOfSection":0,"lengthInSteps":16,"altAnim":false,"mustHitSection":true,"changeBPM":false,"bpm":120},{"sectionNotes":[],"typeOfSection":0,"lengthInSteps":16,"altAnim":false,"mustHitSection":true,"changeBPM":false,"bpm":120},{"sectionNotes":[],"typeOfSection":0,"lengthInSteps":16,"altAnim":false,"mustHitSection":true,"changeBPM":false,"bpm":120},{"lengthInSteps":16,"typeOfSection":0,"sectionNotes":[],"altAnim":false,"bpm":120,"changeBPM":false,"mustHitSection":true},{"lengthInSteps":16,"typeOfSection":0,"sectionNotes":[],"altAnim":false,"bpm":120,"changeBPM":false,"mustHitSection":true},{"sectionNotes":[],"typeOfSection":0,"lengthInSteps":16,"altAnim":false,"mustHitSection":true,"changeBPM":false,"bpm":120},{"lengthInSteps":16,"typeOfSection":0,"sectionNotes":[],"altAnim":false,"bpm":120,"changeBPM":false,"mustHitSection":true},{"sectionNotes":[],"typeOfSection":0,"lengthInSteps":16,"altAnim":false,"mustHitSection":true,"changeBPM":false,"bpm":120},{"sectionNotes":[],"typeOfSection":0,"lengthInSteps":16,"altAnim":false,"mustHitSection":true,"changeBPM":false,"bpm":120},{"sectionNotes":[],"typeOfSection":0,"lengthInSteps":16,"altAnim":false,"mustHitSection":true,"changeBPM":false,"bpm":120},{"lengthInSteps":16,"altAnim":false,"typeOfSection":0,"sectionNotes":[],"bpm":120,"changeBPM":false,"mustHitSection":true},{"lengthInSteps":16,"altAnim":false,"typeOfSection":0,"sectionNotes":[],"bpm":120,"changeBPM":false,"mustHitSection":true}],"song":"Roses","validScore":true,"sections":0,"needsVoices":true,"speed":1.7,"bpm":120}}