{"song":{"player1":"bf-pixel","sectionLengths":[],"notes":[{"lengthInSteps":16,"sectionNotes":[],"typeOfSection":0,"altAnim":false,"mustHitSection":true,"changeBPM":false,"bpm":150},{"lengthInSteps":16,"sectionNotes":[],"typeOfSection":0,"altAnim":false,"mustHitSection":false,"changeBPM":false,"bpm":144},{"lengthInSteps":16,"sectionNotes":[],"typeOfSection":0,"altAnim":false,"mustHitSection":true,"changeBPM":false,"bpm":144},{"lengthInSteps":16,"sectionNotes":[[5760.86956521739,3,0],[5543.47826086957,1,0],[5869.5652173913,2,543.478260869565],[6630.4347826087,1,217.391304347826],[6847.82608695652,3,1739.13043478261]],"typeOfSection":0,"altAnim":false,"mustHitSection":false,"changeBPM":false,"bpm":144},{"lengthInSteps":16,"sectionNotes":[[8586.95652173913,1,0]],"typeOfSection":0,"altAnim":false,"mustHitSection":false,"changeBPM":false,"bpm":144},{"lengthInSteps":16,"sectionNotes":[[9239.13043478261,3,0],[9021.73913043478,1,0],[9347.82608695652,2,543.478260869565],[10108.6956521739,1,0],[10326.0869565217,3,1739.13043478261]],"typeOfSection":0,"altAnim":false,"mustHitSection":false,"changeBPM":false,"bpm":144},{"lengthInSteps":16,"sectionNotes":[[12065.2173913043,1,0]],"typeOfSection":0,"altAnim":false,"mustHitSection":false,"changeBPM":false,"bpm":144},{"lengthInSteps":16,"sectionNotes":[[12717.3913043478,3,0],[12500,1,0],[12826.0869565217,2,543.478260869565],[13586.9565217391,1,217.391304347826],[12717.3913043478,3,0],[12500,1,0],[12826.0869565217,2,543.478260869565],[13586.9565217391,1,0],[13804.347826087,3,1739.13043478261]],"typeOfSection":0,"altAnim":false,"mustHitSection":true,"changeBPM":false,"bpm":144},{"lengthInSteps":16,"sectionNotes":[[15543.4782608696,1,0]],"typeOfSection":0,"altAnim":false,"mustHitSection":true,"changeBPM":false,"bpm":144},{"lengthInSteps":16,"sectionNotes":[[16195.652173913,3,0],[15978.2608695652,1,0],[16304.347826087,2,543.478260869565],[17065.2173913043,1,217.391304347826],[16195.652173913,3,0],[15978.2608695652,1,0],[16304.347826087,2,543.478260869565],[17065.2173913043,1,217.391304347826],[16195.652173913,3,0],[15978.2608695652,1,0],[16304.347826087,2,543.478260869565],[17065.2173913043,1,0],[17282.6086956522,3,1739.13043478261]],"typeOfSection":0,"altAnim":false,"mustHitSection":true,"changeBPM":false,"bpm":144},{"lengthInSteps":16,"sectionNotes":[[19021.7391304348,1,0]],"typeOfSection":0,"altAnim":false,"mustHitSection":true,"changeBPM":false,"bpm":144},{"lengthInSteps":16,"sectionNotes":[[19853.2608695652,2,0],[20000,0,217.391304347826],[20434.7826086956,3,326.086956521739]],"typeOfSection":0,"altAnim":false,"mustHitSection":true,"changeBPM":false,"bpm":144},{"lengthInSteps":16,"sectionNotes":[[20978.2608695652,2,1086.95652173913],[22282.6086956522,1,0],[22442.9347826087,0,978.260869565217]],"typeOfSection":0,"altAnim":false,"mustHitSection":true,"changeBPM":false,"bpm":144},{"lengthInSteps":16,"sectionNotes":[[24021.7391304348,0,0],[24239.1304347826,3,0]],"typeOfSection":0,"altAnim":false,"mustHitSection":true,"changeBPM":false,"bpm":144},{"lengthInSteps":16,"sectionNotes":[[24456.5217391304,3,326.086956521739],[24891.3043478261,1,0],[25108.6956521739,2,0],[25326.0869565217,0,326.086956521739],[25760.8695652174,1,0],[25978.2608695652,3,0]],"typeOfSection":0,"altAnim":false,"mustHitSection":true,"changeBPM":false,"bpm":144},{"lengthInSteps":16,"sectionNotes":[[26413.0434782609,1,0],[26847.8260869565,3,0],[27010.8695652174,0,0],[27252.7173913043,3,0],[27470.1086956522,1,217.391304347826],[26630.4347826087,0,0]],"typeOfSection":0,"altAnim":false,"mustHitSection":true,"changeBPM":false,"bpm":144},{"lengthInSteps":16,"sectionNotes":[[27910.3260869565,2,1086.95652173913],[29347.8260869565,1,0],[29456.5217391304,3,869.565217391304]],"typeOfSection":0,"altAnim":false,"mustHitSection":true,"changeBPM":false,"bpm":144},{"lengthInSteps":16,"sectionNotes":[[30760.8695652174,1,0],[31195.652173913,3,0],[30956.5217391304,1,0]],"typeOfSection":0,"altAnim":false,"mustHitSection":true,"changeBPM":false,"bpm":144},{"lengthInSteps":16,"sectionNotes":[[31413.0434782609,2,326.086956521739],[32934.7826086956,2,0],[31847.8260869565,0,0],[32282.6086956522,1,0],[32717.3913043478,3,0]],"typeOfSection":0,"altAnim":false,"mustHitSection":true,"changeBPM":false,"bpm":144},{"lengthInSteps":16,"sectionNotes":[[33152.1739130435,3,0],[33369.5652173913,0,978.260869565217]],"typeOfSection":0,"altAnim":false,"mustHitSection":true,"changeBPM":false,"bpm":144},{"lengthInSteps":16,"sectionNotes":[],"typeOfSection":0,"altAnim":false,"mustHitSection":false,"changeBPM":false,"bpm":144},{"lengthInSteps":16,"sectionNotes":[],"typeOfSection":0,"altAnim":false,"mustHitSection":true,"changeBPM":false,"bpm":144},{"lengthInSteps":16,"sectionNotes":[],"typeOfSection":0,"altAnim":false,"mustHitSection":false,"changeBPM":false,"bpm":144},{"lengthInSteps":16,"sectionNotes":[],"typeOfSection":0,"altAnim":false,"mustHitSection":true,"changeBPM":false,"bpm":144},{"lengthInSteps":16,"sectionNotes":[],"typeOfSection":0,"altAnim":false,"mustHitSection":false,"changeBPM":false,"bpm":144},{"lengthInSteps":16,"sectionNotes":[],"typeOfSection":0,"altAnim":false,"mustHitSection":true,"changeBPM":false,"bpm":144},{"lengthInSteps":16,"sectionNotes":[],"typeOfSection":0,"altAnim":false,"mustHitSection":false,"changeBPM":false,"bpm":144},{"lengthInSteps":16,"sectionNotes":[[47679.347826087,2,0],[47826.0869565217,0,217.391304347826],[48260.8695652174,3,326.086956521739]],"typeOfSection":0,"altAnim":false,"mustHitSection":true,"changeBPM":false,"bpm":144},{"lengthInSteps":16,"sectionNotes":[[48804.347826087,2,1086.95652173913],[50108.6956521739,1,0],[50269.0217391304,0,978.260869565217]],"typeOfSection":0,"altAnim":false,"mustHitSection":true,"changeBPM":false,"bpm":144},{"lengthInSteps":16,"sectionNotes":[[51847.8260869565,0,0],[52065.2173913043,3,0]],"typeOfSection":0,"altAnim":false,"mustHitSection":true,"changeBPM":false,"bpm":144},{"lengthInSteps":16,"sectionNotes":[[53586.9565217391,1,0],[53804.347826087,3,0],[52282.6086956522,0,0],[52500,2,0],[52717.3913043478,1,0],[53369.5652173913,3,0],[53152.1739130435,2,0]],"typeOfSection":0,"altAnim":false,"mustHitSection":true,"changeBPM":false,"bpm":144},{"lengthInSteps":16,"sectionNotes":[[54021.7391304348,2,0],[54239.1304347826,1,434.782608695652],[54239.1304347826,1,0],[54836.9565217391,0,0],[55078.8043478261,3,0],[55326.0869565217,1,0],[55543.4782608696,0,0]],"typeOfSection":0,"altAnim":false,"mustHitSection":true,"changeBPM":false,"bpm":144},{"lengthInSteps":16,"sectionNotes":[[55736.4130434783,2,1086.95652173913],[57173.9130434783,1,0],[57282.6086956522,3,869.565217391304]],"typeOfSection":0,"altAnim":false,"mustHitSection":true,"changeBPM":false,"bpm":144},{"lengthInSteps":16,"sectionNotes":[[59021.7391304348,3,0],[58782.6086956522,1,0]],"typeOfSection":0,"altAnim":false,"mustHitSection":true,"changeBPM":false,"bpm":144},{"lengthInSteps":16,"sectionNotes":[[60760.8695652174,2,0],[59239.1304347826,2,0],[59456.5217391304,0,0],[59673.9130434782,2,0],[59891.3043478261,3,326.086956521739],[60543.4782608696,1,0]],"typeOfSection":0,"altAnim":false,"mustHitSection":true,"changeBPM":false,"bpm":144},{"lengthInSteps":16,"sectionNotes":[[60978.2608695652,0,0],[61195.652173913,1,217.391304347826],[61630.4347826087,2,0],[61847.8260869565,2,0],[62065.2173913043,2,0],[62282.6086956522,2,326.086956521739]],"typeOfSection":0,"altAnim":false,"mustHitSection":true,"changeBPM":false,"bpm":144},{"lengthInSteps":16,"sectionNotes":[[62826.0869565217,0,1086.95652173913],[64021.7391304348,1,0],[64239.1304347826,3,1086.95652173913]],"typeOfSection":0,"altAnim":false,"mustHitSection":true,"changeBPM":false,"bpm":144},{"lengthInSteps":16,"sectionNotes":[[65760.8695652174,1,0],[65978.2608695652,3,0]],"typeOfSection":0,"altAnim":false,"mustHitSection":true,"changeBPM":false,"bpm":144},{"lengthInSteps":16,"sectionNotes":[[66195.652173913,0,543.478260869565],[66847.8260869565,1,0],[67065.2173913043,2,217.391304347826],[67500,0,0],[67717.3913043478,0,326.086956521739]],"typeOfSection":0,"altAnim":false,"mustHitSection":true,"changeBPM":false,"bpm":144},{"lengthInSteps":16,"sectionNotes":[[68152.1739130435,1,0],[68369.5652173913,3,0],[68586.9565217391,1,0],[69021.7391304348,2,0],[69239.1304347826,1,0],[69456.5217391304,0,0],[68804.3478260869,0,0]],"typeOfSection":0,"altAnim":false,"mustHitSection":true,"changeBPM":false,"bpm":144},{"lengthInSteps":16,"sectionNotes":[[69673.9130434783,2,1086.95652173913],[70978.2608695652,0,0],[71195.652173913,3,1086.95652173913]],"typeOfSection":0,"altAnim":false,"mustHitSection":true,"changeBPM":false,"bpm":144},{"lengthInSteps":16,"sectionNotes":[[72608.6956521739,0,0],[72826.0869565217,1,0]],"typeOfSection":0,"altAnim":false,"mustHitSection":true,"changeBPM":false,"bpm":144},{"lengthInSteps":16,"sectionNotes":[[73369.5652173913,3,0],[73586.9565217391,1,0],[73804.3478260869,0,217.391304347826],[73152.1739130435,2,0],[74239.1304347826,1,0],[74456.5217391304,2,0],[74673.9130434782,3,0]],"typeOfSection":0,"altAnim":false,"mustHitSection":true,"changeBPM":false,"bpm":144},{"lengthInSteps":16,"sectionNotes":[[74891.3043478261,1,0],[75108.6956521739,0,652.173913043478],[76304.3478260869,1,0]],"typeOfSection":0,"altAnim":false,"mustHitSection":true,"changeBPM":false,"bpm":144},{"lengthInSteps":16,"sectionNotes":[[76630.4347826087,2,326.086956521739],[77065.2173913043,0,217.391304347826],[77500,1,0],[77717.3913043478,3,0],[77934.7826086956,0,0],[78152.1739130435,2,434.782608695652]],"typeOfSection":0,"altAnim":false,"mustHitSection":true,"changeBPM":false,"bpm":144},{"lengthInSteps":16,"sectionNotes":[[78804.3478260869,1,0],[79021.7391304348,0,326.086956521739],[79456.5217391304,2,326.086956521739]],"typeOfSection":0,"altAnim":false,"mustHitSection":true,"changeBPM":false,"bpm":144},{"lengthInSteps":16,"sectionNotes":[[80108.6956521739,1,0],[80434.7826086956,3,0],[80869.5652173913,2,0],[81250,0,0],[81475.5434782608,3,0],[81630.4347826087,1,434.782608695652]],"typeOfSection":0,"altAnim":false,"mustHitSection":true,"changeBPM":false,"bpm":144},{"lengthInSteps":16,"sectionNotes":[[82282.6086956522,3,0],[82500,2,0],[82880.4347826087,2,434.782608695652]],"typeOfSection":0,"altAnim":false,"mustHitSection":true,"changeBPM":false,"bpm":144},{"lengthInSteps":16,"sectionNotes":[[83478.2608695652,0,0],[83695.652173913,1,0],[84021.7391304348,3,326.086956521739],[84456.5217391304,2,0],[84673.9130434782,1,0],[84891.3043478261,3,0],[85108.6956521739,1,434.782608695652]],"typeOfSection":0,"altAnim":false,"mustHitSection":true,"changeBPM":false,"bpm":144},{"lengthInSteps":16,"sectionNotes":[[85760.8695652174,2,0],[85978.2608695652,0,217.391304347826],[86413.0434782608,3,326.086956521739],[86847.8260869565,1,0]],"typeOfSection":0,"altAnim":false,"mustHitSection":true,"changeBPM":false,"bpm":144},{"lengthInSteps":16,"sectionNotes":[[87065.2173913043,2,0],[87282.6086956522,0,0],[87608.6956521739,0,0],[87934.7826086956,1,0],[88152.1739130435,2,0],[88369.5652173913,3,0],[88586.9565217391,0,434.782608695652]],"typeOfSection":0,"altAnim":false,"mustHitSection":true,"changeBPM":false,"bpm":144},{"lengthInSteps":16,"sectionNotes":[[89239.1304347826,1,0],[89456.5217391304,3,326.086956521739],[89891.3043478261,0,326.086956521739],[90326.0869565217,2,0]],"typeOfSection":0,"altAnim":false,"mustHitSection":true,"changeBPM":false,"bpm":144},{"lengthInSteps":16,"sectionNotes":[[90543.4782608696,0,326.086956521739],[90978.2608695652,2,0],[91304.3478260869,2,0],[91630.4347826087,0,0],[91847.8260869565,2,0],[92065.2173913043,0,0]],"typeOfSection":0,"altAnim":false,"mustHitSection":true,"changeBPM":false,"bpm":144},{"lengthInSteps":16,"sectionNotes":[[92826.0869565217,2,652.173913043478],[92459.2391304348,1,0],[93695.652173913,0,0]],"typeOfSection":0,"altAnim":false,"mustHitSection":true,"changeBPM":false,"bpm":144},{"lengthInSteps":16,"sectionNotes":[[93913.0434782608,3,0],[94347.8260869565,1,0],[94891.3043478261,0,0],[95108.6956521739,1,0],[95326.0869565217,2,0],[95543.4782608695,3,869.565217391304]],"typeOfSection":0,"altAnim":false,"mustHitSection":true,"changeBPM":false,"bpm":144},{"lengthInSteps":16,"sectionNotes":[[96847.8260869565,3,0],[97013.5869565217,2,0],[97282.6086956521,2,1195.65217391304],[96630.4347826087,0,0]],"typeOfSection":0,"altAnim":false,"mustHitSection":true,"changeBPM":false,"bpm":144},{"lengthInSteps":16,"sectionNotes":[[98804.3478260869,1,0],[99021.7391304348,3,1195.65217391304]],"typeOfSection":0,"altAnim":false,"mustHitSection":true,"changeBPM":false,"bpm":144},{"lengthInSteps":16,"sectionNotes":[[100434.782608696,2,0],[100760.869565217,1,0]],"typeOfSection":0,"altAnim":false,"mustHitSection":true,"changeBPM":false,"bpm":144},{"lengthInSteps":16,"sectionNotes":[[100978.260869565,0,0],[101304.347826087,3,0],[101847.826086956,1,217.391304347826],[102282.608695652,2,0],[102500,0,1195.65217391304]],"typeOfSection":0,"altAnim":false,"mustHitSection":true,"changeBPM":false,"bpm":144},{"lengthInSteps":16,"sectionNotes":[],"typeOfSection":0,"altAnim":false,"mustHitSection":true,"changeBPM":false,"bpm":144},{"lengthInSteps":16,"sectionNotes":[],"typeOfSection":0,"altAnim":false,"mustHitSection":false,"changeBPM":false,"bpm":144},{"lengthInSteps":16,"sectionNotes":[],"typeOfSection":0,"altAnim":false,"mustHitSection":true,"changeBPM":false,"bpm":144},{"lengthInSteps":16,"sectionNotes":[],"typeOfSection":0,"altAnim":false,"mustHitSection":false,"changeBPM":false,"bpm":144},{"lengthInSteps":16,"sectionNotes":[],"typeOfSection":0,"altAnim":false,"mustHitSection":true,"changeBPM":false,"bpm":144},{"lengthInSteps":16,"sectionNotes":[],"typeOfSection":0,"altAnim":false,"mustHitSection":false,"changeBPM":false,"bpm":144},{"lengthInSteps":16,"sectionNotes":[],"typeOfSection":0,"altAnim":false,"mustHitSection":true,"changeBPM":false,"bpm":144},{"lengthInSteps":16,"sectionNotes":[],"typeOfSection":0,"altAnim":false,"mustHitSection":false,"changeBPM":false,"bpm":144},{"lengthInSteps":16,"sectionNotes":[[116847.826086956,1,0],[117065.217391304,3,0],[117282.608695652,1,0],[117500,0,0],[117934.782608696,1,0],[117717.391304348,3,0],[118152.173913043,2,0]],"typeOfSection":0,"altAnim":false,"mustHitSection":true,"changeBPM":false,"bpm":144},{"sectionNotes":[[118369.565217391,0,978.260869565217],[119673.913043478,2,0],[119891.304347826,3,978.260869565217]],"typeOfSection":0,"lengthInSteps":16,"altAnim":false,"mustHitSection":true,"changeBPM":false,"bpm":144},{"sectionNotes":[[121413.043478261,1,0],[121195.652173913,0,0],[121630.434782609,2,0]],"typeOfSection":0,"lengthInSteps":16,"altAnim":false,"mustHitSection":true,"changeBPM":false,"bpm":138},{"sectionNotes":[[122500,1,0],[121847.826086956,1,434.782608695652],[122717.391304348,3,0],[123152.173913043,1,0],[123369.565217391,2,434.782608695652]],"typeOfSection":0,"lengthInSteps":16,"altAnim":false,"mustHitSection":true,"changeBPM":false,"bpm":138},{"sectionNotes":[[123913.043478261,3,0],[124130.434782609,1,0],[124456.52173913,3,0],[124673.913043478,2,0],[124891.304347826,1,0],[125108.695652174,3,0]],"typeOfSection":0,"lengthInSteps":16,"altAnim":false,"mustHitSection":true,"changeBPM":false,"bpm":138},{"sectionNotes":[[125326.086956522,0,1086.95652173913],[126630.434782609,1,0],[126847.826086956,2,978.260869565217]],"typeOfSection":0,"lengthInSteps":16,"altAnim":false,"mustHitSection":true,"changeBPM":false,"bpm":138},{"sectionNotes":[[128369.565217391,0,0],[128586.956521739,1,0]],"typeOfSection":0,"lengthInSteps":16,"altAnim":false,"mustHitSection":true,"changeBPM":false,"bpm":138},{"sectionNotes":[[128804.347826087,2,0],[129021.739130435,3,0],[129239.130434783,1,0],[129456.52173913,0,326.086956521739],[129891.304347826,1,0],[130108.695652174,2,326.086956521739]],"typeOfSection":0,"lengthInSteps":16,"altAnim":false,"mustHitSection":true,"changeBPM":false,"bpm":138},{"sectionNotes":[[130543.47826087,1,0],[130760.869565217,3,434.782608695652],[131413.043478261,0,0],[131630.434782609,3,0],[131847.826086956,0,0],[132065.217391304,3,0]],"typeOfSection":0,"lengthInSteps":16,"altAnim":false,"mustHitSection":true,"changeBPM":false,"bpm":138},{"sectionNotes":[[132282.608695652,2,1086.95652173913],[133586.956521739,1,0],[133804.347826087,3,1195.65217391304]],"typeOfSection":0,"lengthInSteps":16,"altAnim":false,"mustHitSection":true,"changeBPM":false,"bpm":138},{"sectionNotes":[[135217.391304348,1,0],[135543.47826087,2,0]],"typeOfSection":0,"lengthInSteps":16,"altAnim":false,"mustHitSection":true,"changeBPM":false,"bpm":138},{"sectionNotes":[[135760.869565217,0,217.391304347826],[136195.652173913,1,0],[136413.043478261,0,0],[136630.434782609,2,0],[136956.52173913,1,0],[137173.913043478,3,434.782608695652]],"typeOfSection":0,"lengthInSteps":16,"altAnim":false,"mustHitSection":true,"changeBPM":false,"bpm":138},{"sectionNotes":[[137826.086956522,1,0],[138043.47826087,3,0],[138260.869565217,1,0],[138586.956521739,0,0],[138750,3,0],[139021.739130435,0,0]],"typeOfSection":0,"lengthInSteps":16,"altAnim":false,"mustHitSection":true,"changeBPM":false,"bpm":138},{"sectionNotes":[[139239.130434783,2,1086.95652173913],[140543.47826087,0,0],[140760.869565217,1,1195.65217391304]],"typeOfSection":0,"lengthInSteps":16,"altAnim":false,"mustHitSection":true,"changeBPM":false,"bpm":138},{"sectionNotes":[[142500,1,0]],"typeOfSection":0,"lengthInSteps":16,"altAnim":false,"mustHitSection":true,"changeBPM":false,"bpm":138},{"sectionNotes":[[142717.391304348,2,0],[142934.782608696,0,0],[143152.173913044,2,0],[143369.565217391,1,0],[143586.956521739,3,0],[143804.347826087,1,0],[144021.739130435,0,0],[144239.130434783,3,1086.95652173913]],"typeOfSection":0,"lengthInSteps":16,"altAnim":false,"mustHitSection":true,"changeBPM":false,"bpm":138},{"sectionNotes":[[145869.565217391,1,0]],"typeOfSection":0,"lengthInSteps":16,"altAnim":false,"mustHitSection":true,"changeBPM":false,"bpm":138},{"sectionNotes":[[146195.652173913,2,326.086956521739],[146630.434782609,0,217.391304347826],[147065.217391304,1,0],[147282.608695652,3,0],[147500,0,0],[147717.391304348,2,434.782608695652]],"typeOfSection":0,"lengthInSteps":16,"altAnim":false,"mustHitSection":true,"changeBPM":false,"bpm":138},{"sectionNotes":[[148369.565217391,1,0],[148586.956521739,0,326.086956521739],[149021.739130435,2,326.086956521739]],"typeOfSection":0,"lengthInSteps":16,"altAnim":false,"mustHitSection":true,"changeBPM":false,"bpm":138},{"sectionNotes":[[149673.913043478,1,0],[150000,3,0],[150434.782608696,2,0],[150815.217391304,0,0],[151040.760869565,3,0],[151195.652173913,1,434.782608695652]],"typeOfSection":0,"lengthInSteps":16,"altAnim":false,"mustHitSection":true,"changeBPM":false,"bpm":138},{"sectionNotes":[[151847.826086957,3,0],[152065.217391304,2,0],[152445.652173913,2,434.782608695652]],"typeOfSection":0,"lengthInSteps":16,"altAnim":false,"mustHitSection":true,"changeBPM":false,"bpm":138},{"sectionNotes":[[153043.47826087,0,0],[153260.869565217,1,0],[153586.956521739,3,326.086956521739],[154021.739130435,2,0],[154239.130434783,1,0],[154456.52173913,3,0],[154673.913043478,1,434.782608695652]],"typeOfSection":0,"lengthInSteps":16,"altAnim":false,"mustHitSection":true,"changeBPM":false,"bpm":138},{"sectionNotes":[[155326.086956522,2,0],[155543.47826087,0,217.391304347826],[155978.260869565,3,326.086956521739],[156413.043478261,1,0]],"typeOfSection":0,"lengthInSteps":16,"altAnim":false,"mustHitSection":true,"changeBPM":false,"bpm":138},{"sectionNotes":[[156630.434782609,2,0],[156847.826086957,0,0],[157173.913043478,0,0],[157500,1,0],[157717.391304348,2,0],[157934.782608696,3,0],[158152.173913043,0,434.782608695652]],"typeOfSection":0,"lengthInSteps":16,"altAnim":false,"mustHitSection":true,"changeBPM":false,"bpm":138},{"sectionNotes":[[158804.347826087,1,0],[159021.739130435,3,326.086956521739],[159456.52173913,0,326.086956521739],[159891.304347826,2,326.086956521739]],"typeOfSection":0,"lengthInSteps":16,"altAnim":false,"mustHitSection":true,"changeBPM":false,"bpm":138},{"sectionNotes":[[160543.47826087,2,0],[161195.652173913,0,0],[161413.043478261,2,0],[161630.434782609,0,0],[160869.565217392,1,0]],"typeOfSection":0,"lengthInSteps":16,"altAnim":false,"mustHitSection":true,"changeBPM":false,"bpm":138},{"sectionNotes":[[162391.304347826,2,652.173913043478],[162024.456521739,1,0],[163260.869565217,0,0]],"typeOfSection":0,"lengthInSteps":16,"altAnim":false,"mustHitSection":true,"changeBPM":false,"bpm":138},{"sectionNotes":[[163913.043478261,1,0],[164891.304347826,2,0],[164239.130434783,2,0],[163478.260869565,3,217.391304347826],[164456.521739131,0,217.391304347826],[165108.695652174,3,326.086956521739]],"typeOfSection":0,"lengthInSteps":16,"altAnim":false,"mustHitSection":true,"changeBPM":false,"bpm":138},{"sectionNotes":[[165543.47826087,1,0],[165869.565217392,0,434.782608695652],[166413.043478261,3,0],[166630.434782609,2,0],[166847.826086957,1,0]],"typeOfSection":0,"lengthInSteps":16,"altAnim":false,"mustHitSection":true,"changeBPM":false,"bpm":138},{"sectionNotes":[[168369.565217391,1,0],[168586.956521739,3,1195.65217391304],[166956.521739131,2,1195.65217391304]],"typeOfSection":0,"lengthInSteps":16,"altAnim":false,"mustHitSection":true,"changeBPM":false,"bpm":138},{"sectionNotes":[[170000,2,0],[170326.086956522,1,0]],"typeOfSection":0,"lengthInSteps":16,"altAnim":false,"mustHitSection":true,"changeBPM":false,"bpm":138},{"sectionNotes":[[170543.47826087,0,0],[170869.565217391,3,0],[171413.043478261,1,217.391304347826],[171847.826086956,2,0],[172065.217391304,0,1195.65217391304]],"typeOfSection":0,"lengthInSteps":16,"altAnim":false,"mustHitSection":true,"changeBPM":false,"bpm":138},{"sectionNotes":[],"typeOfSection":0,"lengthInSteps":16,"altAnim":false,"mustHitSection":true,"changeBPM":false,"bpm":138},{"sectionNotes":[],"typeOfSection":0,"lengthInSteps":16,"altAnim":false,"mustHitSection":false,"changeBPM":false,"bpm":138},{"sectionNotes":[],"typeOfSection":0,"lengthInSteps":16,"altAnim":false,"mustHitSection":true,"changeBPM":false,"bpm":138},{"sectionNotes":[],"typeOfSection":0,"lengthInSteps":16,"altAnim":false,"mustHitSection":false,"changeBPM":false,"bpm":138},{"sectionNotes":[],"typeOfSection":0,"lengthInSteps":16,"altAnim":false,"mustHitSection":true,"changeBPM":false,"bpm":138},{"sectionNotes":[],"typeOfSection":0,"lengthInSteps":16,"altAnim":false,"mustHitSection":false,"changeBPM":false,"bpm":138},{"sectionNotes":[],"typeOfSection":0,"lengthInSteps":16,"altAnim":false,"mustHitSection":true,"changeBPM":false,"bpm":138},{"sectionNotes":[],"typeOfSection":0,"lengthInSteps":16,"altAnim":false,"mustHitSection":false,"changeBPM":false,"bpm":138},{"sectionNotes":[[186630.434782609,3,0],[186413.043478261,1,0],[186739.130434783,2,543.478260869565],[187500,1,217.391304347826],[187717.391304348,3,1739.13043478261]],"typeOfSection":0,"lengthInSteps":16,"altAnim":false,"mustHitSection":true,"changeBPM":false,"bpm":138},{"sectionNotes":[[189456.52173913,1,0]],"typeOfSection":0,"lengthInSteps":16,"altAnim":false,"mustHitSection":true,"changeBPM":false,"bpm":138},{"sectionNotes":[[190108.695652174,3,0],[189891.304347826,1,0],[190217.391304348,2,543.478260869565],[190978.260869565,1,0],[191195.652173913,3,1739.13043478261]],"typeOfSection":0,"lengthInSteps":16,"altAnim":false,"mustHitSection":true,"changeBPM":false,"bpm":138},{"sectionNotes":[[192934.782608696,1,0]],"typeOfSection":0,"lengthInSteps":16,"altAnim":false,"mustHitSection":true,"changeBPM":false,"bpm":138},{"sectionNotes":[[193586.956521739,3,0],[193369.565217391,1,0],[193695.652173913,2,543.478260869565],[194456.52173913,1,217.391304347826],[193586.956521739,3,0],[193369.565217391,1,0],[193695.652173913,2,543.478260869565],[194456.52173913,1,0],[194673.913043478,3,1739.13043478261]],"typeOfSection":0,"lengthInSteps":16,"altAnim":false,"mustHitSection":false,"changeBPM":false,"bpm":138},{"sectionNotes":[[196413.043478261,1,0]],"typeOfSection":0,"lengthInSteps":16,"altAnim":false,"mustHitSection":false,"changeBPM":false,"bpm":138},{"sectionNotes":[[197065.217391304,3,0],[196847.826086957,1,0],[197173.913043478,2,543.478260869565],[197934.782608696,1,217.391304347826],[197065.217391304,3,0],[196847.826086957,1,0],[197173.913043478,2,543.478260869565],[197934.782608696,1,217.391304347826],[197065.217391304,3,0],[196847.826086957,1,0],[197173.913043478,2,543.478260869565],[197934.782608696,1,0],[198152.173913043,3,1739.13043478261]],"typeOfSection":0,"lengthInSteps":16,"altAnim":false,"mustHitSection":false,"changeBPM":false,"bpm":138},{"sectionNotes":[[199891.304347826,1,0]],"typeOfSection":0,"lengthInSteps":16,"altAnim":false,"mustHitSection":false,"changeBPM":false,"bpm":138},{"sectionNotes":[[200543,7,0],[200326,5,0],[200652,6,543],[201413,5,217],[201630,7,1739],[201521.739130435,1,0]],"typeOfSection":0,"lengthInSteps":16,"altAnim":false,"mustHitSection":true,"changeBPM":false,"bpm":138},{"sectionNotes":[[203369,5,0],[201847.826086957,2,326.086956521739],[202282.608695652,0,217.391304347826],[202717.391304348,1,0],[202934.782608696,3,0],[203152.173913043,0,0],[203369.565217391,2,434.782608695652]],"typeOfSection":0,"lengthInSteps":16,"altAnim":false,"mustHitSection":true,"changeBPM":false,"bpm":138},{"sectionNotes":[[204021,7,0],[203804,5,0],[204130,6,543],[204891,5,217],[205108,7,1739],[204021,7,0],[203804,5,0],[204130,6,543],[204891,5,0],[205108,7,1739],[204021.739130435,1,0],[204239.130434783,0,326.086956521739],[204673.913043478,2,326.086956521739],[204021.739130435,1,0],[204239.130434783,0,326.086956521739],[204673.913043478,2,326.086956521739]],"typeOfSection":0,"lengthInSteps":16,"altAnim":false,"mustHitSection":true,"changeBPM":false,"bpm":138},{"sectionNotes":[[206847,5,0],[206847,5,0],[205326.086956522,1,0],[205652.173913043,3,0],[206086.956521739,2,0],[206467.391304348,0,0],[206692.934782609,3,0],[206847.826086957,1,434.782608695652]],"typeOfSection":0,"lengthInSteps":16,"altAnim":false,"mustHitSection":true,"changeBPM":false,"bpm":138},{"sectionNotes":[[207499,7,0],[207282,5,0],[207608,6,543],[208369,5,0],[208586,7,1739],[207500,3,0],[207717.391304348,2,0],[208097.826086957,2,434.782608695652]],"typeOfSection":0,"lengthInSteps":16,"altAnim":false,"mustHitSection":true,"changeBPM":false,"bpm":138},{"sectionNotes":[[210326,5,0],[210326,5,0],[208695.652173913,0,0],[208913.043478261,1,0],[209239.130434783,3,326.086956521739],[209673.913043478,2,0],[209891.304347826,1,0],[210108.695652174,3,0],[210326.086956522,1,434.782608695652]],"typeOfSection":0,"lengthInSteps":16,"altAnim":false,"mustHitSection":true,"changeBPM":false,"bpm":138},{"sectionNotes":[[210978,7,0],[210760,5,0],[211086,6,543],[211847,5,217],[210978,7,0],[210760,5,0],[211086,6,543],[211847,5,0],[212065,7,1739],[210978,7,0],[210760,5,0],[211086,6,543],[211847,5,217],[210978,7,0],[210760,5,0],[211086,6,543],[211847,5,217],[210978,7,0],[210760,5,0],[211086,6,543],[211847,5,0],[212065,7,1739],[210978.260869565,2,0],[211195.652173913,0,217.391304347826],[211630.434782609,3,326.086956521739],[212065.217391304,1,0]],"typeOfSection":0,"lengthInSteps":16,"altAnim":false,"mustHitSection":true,"changeBPM":false,"bpm":138},{"sectionNotes":[[213804,5,0],[213804,5,0],[213804,5,0],[213804,5,0],[212282.608695652,2,0],[212500,0,0],[212826.086956522,0,0],[213152.173913043,1,0],[213369.565217391,2,0],[213586.956521739,3,0],[213804.347826087,0,434.782608695652]],"typeOfSection":0,"lengthInSteps":16,"altAnim":false,"mustHitSection":true,"changeBPM":false,"bpm":138},{"sectionNotes":[[214456.52173913,1,0],[214673.913043478,3,326.086956521739],[215108.695652174,0,326.086956521739],[215543.47826087,2,326.086956521739]],"typeOfSection":0,"lengthInSteps":16,"altAnim":false,"mustHitSection":true,"changeBPM":false,"bpm":138},{"sectionNotes":[[216195.652173913,2,0],[216847.826086957,0,0],[217065.217391304,2,0],[217282.608695652,0,0],[216521.739130435,1,0]],"typeOfSection":0,"lengthInSteps":16,"altAnim":false,"mustHitSection":true,"changeBPM":false,"bpm":138},{"sectionNotes":[[218043.47826087,2,652.173913043478],[217676.630434783,1,0],[218913.043478261,0,0]],"typeOfSection":0,"lengthInSteps":16,"altAnim":false,"mustHitSection":true,"changeBPM":false,"bpm":138},{"sectionNotes":[[219565.217391304,1,0],[220543.47826087,2,0],[219891.304347826,2,0],[219130.434782609,3,217.391304347826],[220108.695652174,0,217.391304347826],[220760.869565218,3,326.086956521739]],"typeOfSection":0,"lengthInSteps":16,"altAnim":false,"mustHitSection":true,"changeBPM":false,"bpm":138},{"sectionNotes":[[221195.652173913,1,0],[221521.739130435,0,434.782608695652],[222065.217391304,3,0],[222282.608695652,2,0],[222500,1,0]],"typeOfSection":0,"lengthInSteps":16,"altAnim":false,"mustHitSection":true,"changeBPM":false,"bpm":138},{"sectionNotes":[[224021.739130435,1,0],[224239.130434783,3,1195.65217391304],[222608.695652174,2,1195.65217391304]],"typeOfSection":0,"lengthInSteps":16,"altAnim":false,"mustHitSection":true,"changeBPM":false,"bpm":138},{"sectionNotes":[[225652.173913043,2,0],[225978.260869565,1,0]],"typeOfSection":0,"lengthInSteps":16,"altAnim":false,"mustHitSection":true,"changeBPM":false,"bpm":138},{"sectionNotes":[[226195.652173913,0,0],[226521.739130435,3,0],[227065.217391304,1,217.391304347826],[227500,2,0],[227717.391304348,0,1195.65217391304]],"typeOfSection":0,"lengthInSteps":16,"altAnim":false,"mustHitSection":true,"changeBPM":false,"bpm":138},{"sectionNotes":[],"typeOfSection":0,"lengthInSteps":16,"altAnim":false,"mustHitSection":true,"changeBPM":false,"bpm":138},{"sectionNotes":[[229782.608695653,1,1521.73913043478]],"typeOfSection":0,"lengthInSteps":16,"altAnim":false,"mustHitSection":true,"changeBPM":false,"bpm":138},{"sectionNotes":[[231521.739130436,2,1521.73913043478]],"typeOfSection":0,"lengthInSteps":16,"altAnim":false,"mustHitSection":true,"changeBPM":false,"bpm":138},{"sectionNotes":[[233260.869565218,3,1521.73913043478]],"typeOfSection":0,"lengthInSteps":16,"altAnim":false,"mustHitSection":true,"changeBPM":false,"bpm":138},{"sectionNotes":[[235000.000000001,0,1521.73913043478]],"typeOfSection":0,"lengthInSteps":16,"altAnim":false,"mustHitSection":true,"changeBPM":false,"bpm":138},{"lengthInSteps":16,"typeOfSection":0,"sectionNotes":[[236739.130434783,1,1521.73913043478]],"altAnim":false,"bpm":138,"changeBPM":false,"mustHitSection":false},{"sectionNotes":[[238478.260869566,2,1521.73913043478]],"typeOfSection":0,"lengthInSteps":16,"altAnim":false,"mustHitSection":false,"changeBPM":false,"bpm":138},{"sectionNotes":[[240217.391304348,3,1521.73913043478]],"typeOfSection":0,"lengthInSteps":16,"altAnim":false,"mustHitSection":false,"changeBPM":false,"bpm":138},{"sectionNotes":[[241956.521739131,0,1521.73913043478]],"typeOfSection":0,"lengthInSteps":16,"altAnim":false,"mustHitSection":false,"changeBPM":false,"bpm":138},{"sectionNotes":[[243695.652173914,1,1521.73913043478]],"typeOfSection":0,"lengthInSteps":16,"altAnim":false,"mustHitSection":true,"changeBPM":false,"bpm":138},{"sectionNotes":[[245434.782608697,2,1521.73913043478]],"typeOfSection":0,"lengthInSteps":16,"altAnim":false,"mustHitSection":true,"changeBPM":false,"bpm":138},{"sectionNotes":[[247173.913043479,3,1521.73913043478]],"typeOfSection":0,"lengthInSteps":16,"altAnim":false,"mustHitSection":true,"changeBPM":false,"bpm":138},{"sectionNotes":[[248913.043478262,0,1521.73913043478]],"typeOfSection":0,"lengthInSteps":16,"altAnim":false,"mustHitSection":true,"changeBPM":false,"bpm":138},{"lengthInSteps":16,"altAnim":false,"typeOfSection":0,"sectionNotes":[],"bpm":138,"changeBPM":false,"mustHitSection":true}],"player2":"senpai-angry","song":"Senpai","validScore":true,"sections":0,"needsVoices":true,"bpm":138,"speed":1.4}}